video_title,up_name,play_count,danmu_count,like_count,coin_count,favorite_count,publish_time,cover_path
迈克尔杰克逊的billiejean，斗胆跳一段。,特崮斯,4026086,2157,686308,126207,67110,2026-06-14 20:14:31,static\bilibili_video_covers\1_迈克尔杰克逊的billiejean，斗胆跳一段。.jpg
没想到开水也能直接加进肉馅里？这样包子馅里的汤汁反而更多？,品诺美食开课啦,3253135,1524,247351,17401,128946,2026-06-15 19:06:54,static\bilibili_video_covers\2_没想到开水也能直接加进肉馅里？这样包子馅里的汤汁反而更多？.jpg
峰峦叠嶂间，此城何处寻？,鸣潮,2801325,11876,142611,88423,30452,2026-06-15 11:00:00,static\bilibili_video_covers\3_峰峦叠嶂间，此城何处寻？.jpg
《主任你说句话啊》,伤心欲茄222,3080518,1302,270495,4656,13166,2026-06-15 15:39:12,static\bilibili_video_covers\4_《主任你说句话啊》.jpg
你懂白鹿吗？——内娱嘉欣,玉玉__,4326740,11159,248948,51752,59910,2026-06-14 16:16:46,static\bilibili_video_covers\5_你懂白鹿吗？——内娱嘉欣.jpg
看一看早餐的质量怎么样#早餐#食品安全,陈大成bili,4722313,1473,241716,22717,50030,2026-06-13 20:00:00,static\bilibili_video_covers\6_看一看早餐的质量怎么样#早餐#食品安全.jpg
墙那边根本就没有厕所！！,二三哥哥鸭,8166150,2273,614857,26010,109336,2026-06-12 19:13:16,static\bilibili_video_covers\7_墙那边根本就没有厕所！！.jpg
躲在超市后门吸烟的二人《Night Smoker》,清风最梦,2506750,7506,199772,29764,47439,2026-06-14 20:52:56,static\bilibili_video_covers\8_躲在超市后门吸烟的二人《Night Smoker》.jpg
人到底可以多倒霉,喝茶喝到胃痛,1592753,4366,218245,4911,18620,2026-06-13 10:58:07,static\bilibili_video_covers\9_人到底可以多倒霉.jpg
在AI里抛硬币，概率是50%吗？,影视飓风,2470506,3185,179384,23920,26557,2026-06-16 17:00:00,static\bilibili_video_covers\10_在AI里抛硬币，概率是50%吗？.jpg
【i-dle】 'Crow' Official Music Video,i-dle_official,996739,20465,74853,51176,23785,2026-06-14 21:00:00,static\bilibili_video_covers\11_【i-dle】 'Crow' Official Music Video.jpg
杨氏跑刀法,杨齐家_,1700870,4702,106513,13849,17455,2026-06-15 17:00:00,static\bilibili_video_covers\12_杨氏跑刀法.jpg
新三国up锐评神探狄仁杰01：全剧最大的谜团出现了,吃蛋挞的折棒,1148890,15223,86841,67066,17505,2026-06-15 10:00:00,static\bilibili_video_covers\13_新三国up锐评神探狄仁杰01：全剧最大的谜团出现了.jpg
泽连斯基劝降俄罗斯,燕三嘤嘤嘤,2119899,12171,114568,26966,16381,2026-06-15 17:50:00,static\bilibili_video_covers\14_泽连斯基劝降俄罗斯.jpg
开局直接当领主，还送4个全副武装牛马小弟【剑与王国】,磊哥游戏,1125607,2945,130930,13649,20799,2026-06-15 09:00:00,static\bilibili_video_covers\15_开局直接当领主，还送4个全副武装牛马小弟【剑与王国】.jpg
破晓将至，律己则安，终见黎明！,花小龙oy,1803465,1388,163927,7057,6793,2026-06-14 18:46:36,static\bilibili_video_covers\16_破晓将至，律己则安，终见黎明！.jpg
中国的危与机？中美俄欧中东，AI美债美元，混乱世界中|正在发生 ep1 翟东升,王骁Albert,861786,20213,62337,54472,32360,2026-06-14 19:00:00,static\bilibili_video_covers\17_中国的危与机？中美俄欧中东，AI美债美元，混乱世界中_正在发生 ep1 翟东升.jpg
有人把五厘米当成玩笑，有人把它藏在遗憾里。,有Ai-爱制作,1248951,1631,115940,15686,21531,2026-06-15 19:35:00,static\bilibili_video_covers\18_有人把五厘米当成玩笑，有人把它藏在遗憾里。.jpg
【侯绿萝】新作上线，快来看看！,侯绿萝,1838170,576,133684,3223,10050,2026-06-15 12:50:03,static\bilibili_video_covers\19_【侯绿萝】新作上线，快来看看！.jpg
一方水土养一方舞蹈,我的老师有高度,1637951,1271,149643,11774,20588,2026-06-13 08:00:00,static\bilibili_video_covers\20_一方水土养一方舞蹈.jpg
《参加公司大会迟到的我be like》,小蔡在东京,3595048,1669,281844,3278,18695,2026-06-15 19:59:25,static\bilibili_video_covers\21_《参加公司大会迟到的我be like》.jpg
来杯好茶摇一摇,栗川芥,1506510,1376,221327,4284,33985,2026-06-15 18:07:33,static\bilibili_video_covers\22_来杯好茶摇一摇.jpg
10秒速成《NIGHT DANCER》！！学会了吗,野生小叔,1183265,141,168013,4295,80268,2026-06-15 13:52:45,static\bilibili_video_covers\23_10秒速成《NIGHT DANCER》！！学会了吗.jpg
泪…。,無無無鱼子,863561,160,206603,4550,34979,2026-06-16 13:21:52,static\bilibili_video_covers\24_泪…。.jpg
手机扫荡,Y的生存手记,1402070,1336,158406,5871,35406,2026-06-12 18:00:00,static\bilibili_video_covers\25_手机扫荡.jpg
美国“杰斐逊州”在哪里？【神奇组织51】,小约翰可汗,2194972,14733,136460,57316,33492,2026-06-14 11:00:00,static\bilibili_video_covers\26_美国“杰斐逊州”在哪里？【神奇组织51】.jpg
当高考生帮大学生代课：,戚小鱼_,1948319,292,205869,1111,10494,2026-06-14 22:16:26,static\bilibili_video_covers\27_当高考生帮大学生代课：.jpg
把女朋友的人生瞬间做成盲盒送给她,曾文招,717601,718,112537,20824,22704,2026-06-13 17:30:00,static\bilibili_video_covers\28_把女朋友的人生瞬间做成盲盒送给她.jpg
《安宁大厦生存守则》第十集,Fel探险记,1037714,1056,91881,8664,18005,2026-06-15 17:21:46,static\bilibili_video_covers\29_《安宁大厦生存守则》第十集.jpg
【机核独家】《鸣潮》共鸣者「秧秧·玄翎」、「穗穗」演示,机核GCORES,2231927,5899,123253,36057,23285,2026-06-15 17:53:21,static\bilibili_video_covers\30_【机核独家】《鸣潮》共鸣者「秧秧·玄翎」、「穗穗」演示.jpg
有一个人前来踢球,王与也行,1715018,1632,73022,16327,15936,2026-06-14 15:41:02,static\bilibili_video_covers\31_有一个人前来踢球.jpg
【女儿殿下 | 官方MV 】周杰伦 疯疯癫癫 Hey 风度翩翩 Hey 陪我家公主玩变化万千 Hey,杰威尔音乐,1527013,2596,59841,29302,14750,2026-06-15 12:01:21,static\bilibili_video_covers\32_【女儿殿下 _ 官方MV 】周杰伦 疯疯癫癫 Hey 风度翩翩 Hey 陪我家公主玩变化万千 Hey.jpg
孙悟空命格｜心魔六耳CG《自渡》——若此身本是虚妄，又怕什么魂飞魄散？,王者荣耀,1512993,10365,77221,5679,15024,2026-06-15 19:19:40,static\bilibili_video_covers\33_孙悟空命格｜心魔六耳CG《自渡》——若此身本是虚妄，又怕什么魂飞魄散？.jpg
⚡为什么我的电扇不转呢⚡,热爱的芒果宝,1687406,2305,159455,3197,29471,2026-06-14 06:29:39,static\bilibili_video_covers\34_⚡为什么我的电扇不转呢⚡.jpg
第一视角带你体验主播做的最正义的一集,未曾去过须弥山,1473828,5436,187455,37871,15296,2026-06-12 14:17:00,static\bilibili_video_covers\35_第一视角带你体验主播做的最正义的一集.jpg
不同人格打游戏,锤子game,2507210,696,150745,2292,11545,2026-06-16 12:00:00,static\bilibili_video_covers\36_不同人格打游戏.jpg
乘螺舟而至——《太吾绘卷》与中国独立游戏的八年,新华社,2026985,5049,67459,16547,8381,2026-06-16 11:55:00,static\bilibili_video_covers\37_乘螺舟而至——《太吾绘卷》与中国独立游戏的八年.jpg
洗衣机演奏一首《起风了》，以此纪念我的高中生活,非凯J,4699145,4005,293235,61824,64374,2026-06-11 23:28:42,static\bilibili_video_covers\38_洗衣机演奏一首《起风了》，以此纪念我的高中生活.jpg
不是 我咋上高三了,名字即是无,5240906,12637,457188,22318,94373,2026-06-12 21:21:28,static\bilibili_video_covers\39_不是 我咋上高三了.jpg
《女生vs男生》,郑凯伦伦伦,1659348,656,97742,1247,5936,2026-06-15 20:37:31,static\bilibili_video_covers\40_《女生vs男生》.jpg
韩国巴掌战神诞生！一掌扇飞坏学生，打响年度第一爽剧！韩剧《铁拳教育》第一期,小片片说大片,1243565,4703,56157,13257,18975,2026-06-15 18:00:00,static\bilibili_video_covers\41_韩国巴掌战神诞生！一掌扇飞坏学生，打响年度第一爽剧！韩剧《铁拳教育》第一期.jpg
男子孤身驾车进入罗布泊无人区，失踪两年后被人意外找到,神秘园,1694081,5842,70910,8740,14705,2026-06-14 19:00:00,static\bilibili_video_covers\42_男子孤身驾车进入罗布泊无人区，失踪两年后被人意外找到.jpg
🐧当你六套满改猛攻，却被AI吸附一脚踢死🐧,徐Toso,1166565,849,83096,4117,20499,2026-06-14 18:17:39,static\bilibili_video_covers\43_🐧当你六套满改猛攻，却被AI吸附一脚踢死🐧.jpg
全 网 最 燃 的 动 画 教 程 3.0,滑铲师SQsir,1298672,296,73491,6028,30775,2026-06-14 18:03:27,static\bilibili_video_covers\44_全 网 最 燃 的 动 画 教 程 3.0.jpg
剑来！！！！！！,高斯Goh,1213118,7553,86249,38415,21492,2026-06-14 12:00:00,static\bilibili_video_covers\45_剑来！！！！！！.jpg
还挺能装的#情侣日常#抽象#搞笑#骑着小电驴兜风,dong哈哈丶,1910223,1159,120386,1855,11721,2026-06-14 18:03:48,static\bilibili_video_covers\46_还挺能装的#情侣日常#抽象#搞笑#骑着小电驴兜风.jpg
我的脆皮人生be like,是旷世奇柴,2641440,360,170159,1985,9027,2026-06-14 13:18:00,static\bilibili_video_covers\47_我的脆皮人生be like.jpg
《少年》-《下一个是谁7》主题曲,雨哥到处跑,1164183,12962,173538,175213,51841,2026-06-13 18:00:00,static\bilibili_video_covers\48_《少年》-《下一个是谁7》主题曲.jpg
我们成功了!核电站隐藏好结局-天下无核 测试服,六式zy,3327354,6155,202244,10377,53314,2026-06-13 23:00:21,static\bilibili_video_covers\49_我们成功了!核电站隐藏好结局-天下无核 测试服.jpg
非洲最好的城市长啥样？美女扎堆，处处是风景，难怪吸引了几十万华人,小钟Johnny,1229331,2968,49233,12734,14453,2026-06-15 17:45:00,static\bilibili_video_covers\50_非洲最好的城市长啥样？美女扎堆，处处是风景，难怪吸引了几十万华人.jpg
和阎鹤祥在甘肃武威，放最野的羊，吃最夯的肉！,食贫道,1228136,7384,53365,22187,11842,2026-06-15 18:00:24,static\bilibili_video_covers\51_和阎鹤祥在甘肃武威，放最野的羊，吃最夯的肉！.jpg
机枪射手娘化？童年信仰！,庄不纯,1366498,964,64205,5056,11263,2026-06-14 21:09:14,static\bilibili_video_covers\52_机枪射手娘化？童年信仰！.jpg
《绝区零》维琳娜角色PV | 拟剧论,绝区零,612183,2956,62093,27829,11579,2026-06-16 12:00:00,static\bilibili_video_covers\53_《绝区零》维琳娜角色PV _ 拟剧论.jpg
约会的是他们，怎么感到尴尬的是我…,陈嘉伦整个路人,1881440,3188,89884,3197,8693,2026-06-14 12:54:39,static\bilibili_video_covers\54_约会的是他们，怎么感到尴尬的是我….jpg
【雷军】在武汉过早 非常丰盛,雷军,1843250,1024,134335,3119,7153,2026-06-15 12:18:45,static\bilibili_video_covers\55_【雷军】在武汉过早 非常丰盛.jpg
沧桑百年！文戏泪目！《凡人修仙传》178逐帧解析,利维坦mY,759339,4012,61557,34824,6925,2026-06-14 18:05:00,static\bilibili_video_covers\56_沧桑百年！文戏泪目！《凡人修仙传》178逐帧解析.jpg
杨家园---对话小潮院长,小杨Johnson,651236,8156,58855,30927,17048,2026-06-15 11:58:24,static\bilibili_video_covers\57_杨家园---对话小潮院长.jpg
津 门 幸 运 大 转 轮（续）,肥龙和老西,1701661,609,100625,4078,21209,2026-06-15 07:30:00,static\bilibili_video_covers\58_津 门 幸 运 大 转 轮（续）.jpg
☝😯喔 ？！⚡⚡⚡,去码头整点薯条vv,1127105,510,75038,4631,9341,2026-06-14 18:10:59,static\bilibili_video_covers\59_☝😯喔 ？！⚡⚡⚡.jpg
选志愿的绝望时刻！,一串大福,1250419,704,81243,1311,9023,2026-06-15 18:00:00,static\bilibili_video_covers\60_选志愿的绝望时刻！.jpg
爸爸打死妈妈时，她就在旁边 ...,bili_3537115499464952,1149569,2194,273617,132248,20528,2026-06-12 17:54:47,static\bilibili_video_covers\61_爸爸打死妈妈时，她就在旁边 ....jpg
在北美怎么收服黑帮成员给你干活，特工伪装消除势力范围,行走的大大大羊腿,2639296,326,96461,1932,6447,2026-06-15 12:38:33,static\bilibili_video_covers\62_在北美怎么收服黑帮成员给你干活，特工伪装消除势力范围.jpg
《锻刀大赛》长沙人·狗哥专场！up主与偶像双向奔赴的浪漫,沫子瞪片,838253,5160,62117,19190,9462,2026-06-16 19:24:38,static\bilibili_video_covers\63_《锻刀大赛》长沙人·狗哥专场！up主与偶像双向奔赴的浪漫.jpg
欢迎回家，iG.TheShy,iG电子竞技俱乐部,1987174,5290,107479,24964,7053,2026-06-15 17:01:56,static\bilibili_video_covers\64_欢迎回家，iG.TheShy.jpg
仅0.9%的人能在正确时机暂停这段《我的世界》视频！你能做到吗？,Metanextify,908904,5214,150184,919,5204,2026-06-13 18:00:39,static\bilibili_video_covers\65_仅0.9%的人能在正确时机暂停这段《我的世界》视频！你能做到吗？.jpg
来杯好茶摇一摇,辣椒素素素,852344,536,128993,5135,15638,2026-06-14 17:50:43,static\bilibili_video_covers\66_来杯好茶摇一摇.jpg
【TF家族练习生】《四一有意思》10:都很莫名其妙,TF家族,1014548,284524,42997,5517,20533,2026-06-15 18:00:00,static\bilibili_video_covers\67_【TF家族练习生】《四一有意思》10_都很莫名其妙.jpg
特厨探店|不好找，无环境，但好吃的—特色辣子鸡大盘鸡,特厨隋坡,1011026,748,72739,5048,5681,2026-06-15 11:30:00,static\bilibili_video_covers\68_特厨探店_不好找，无环境，但好吃的—特色辣子鸡大盘鸡.jpg
如果能一直这样温馨该有多好。,小散门,1737197,82,107770,481,20703,2026-06-15 18:20:53,static\bilibili_video_covers\69_如果能一直这样温馨该有多好。.jpg
来！随机抽一张~被猜到的话有惩罚哦~[潦草罗德岛],壹色玻鲤,675197,808,125376,17709,40659,2026-06-14 02:03:01,static\bilibili_video_covers\70_来！随机抽一张~被猜到的话有惩罚哦~[潦草罗德岛].jpg
难 绷,我叫小渔人,1143250,1803,68081,6130,23193,2026-06-13 18:52:17,static\bilibili_video_covers\71_难 绷.jpg
投票已成职业病，cp恋爱传闻要配平，橹穆雷朋新嗑点震撼来袭,接二连珊妄想症,811796,28378,46579,10772,7243,2026-06-14 12:54:31,static\bilibili_video_covers\72_投票已成职业病，cp恋爱传闻要配平，橹穆雷朋新嗑点震撼来袭.jpg
"几百只流浪猫猫搬到70,000平的林地，开启新生活。",五月妈院儿里的小流浪,458528,1604,61039,52390,5625,2026-06-16 18:37:19,"static\bilibili_video_covers\73_几百只流浪猫猫搬到70,000平的林地，开启新生活。.jpg"
【STN快报第8.5季9】蒂法公布后街霸陷入褒贬不一,STN工作室,897094,8186,49005,20785,8864,2026-06-14 17:34:34,static\bilibili_video_covers\74_【STN快报第8.5季9】蒂法公布后街霸陷入褒贬不一.jpg
大寿当天美伊停战，文武百官齐上贺表，特朗普的80生日过得到底有多开心？,毒舌的南瓜,1038626,7536,54997,3590,9896,2026-06-15 16:30:00,static\bilibili_video_covers\75_大寿当天美伊停战，文武百官齐上贺表，特朗普的80生日过得到底有多开心？.jpg
社恐小猫第一次回老家,猫猫小日记,1178720,444,151630,1352,20047,2026-06-13 16:39:24,static\bilibili_video_covers\76_社恐小猫第一次回老家.jpg
问题少年，梆梆两拳！高分韩剧《铁拳教育》,刘老师说电影,1283544,4495,47152,7241,11035,2026-06-14 19:00:00,static\bilibili_video_covers\77_问题少年，梆梆两拳！高分韩剧《铁拳教育》.jpg
路边一块，经过雕刻，包你看了过目不忘！愿你成为自己的太阳，无需借谁的光,小梨家的和田玉,5034877,9295,293140,18470,30958,2026-06-12 18:53:49,static\bilibili_video_covers\78_路边一块，经过雕刻，包你看了过目不忘！愿你成为自己的太阳，无需借谁的光.jpg
功 夫 世 界 杯2.0,KM二号,588721,683,55880,14101,13698,2026-06-14 17:15:00,static\bilibili_video_covers\79_功 夫 世 界 杯2.0.jpg
如果爱昴天团看到了死归全过程【1】,生锈的包子,844784,466,40091,5251,14864,2026-06-15 22:19:20,static\bilibili_video_covers\80_如果爱昴天团看到了死归全过程【1】.jpg
花550万抄底买了一套老破小 爆改之后我赚了吗？,杰克小兔,1140094,5591,53718,16150,9574,2026-06-14 18:01:00,static\bilibili_video_covers\81_花550万抄底买了一套老破小 爆改之后我赚了吗？.jpg
月薪三千去锯齿的正确方式、结尾带原理！,佛系小詹设计日常,1176533,48,72034,2673,54054,2026-06-16 18:43:32,static\bilibili_video_covers\82_月薪三千去锯齿的正确方式、结尾带原理！.jpg
中国蛔虫根除：人人感染到几乎绝迹，喉咙的虫子怎么灭？,颀思诺想,1373343,2695,47414,1450,8677,2026-06-15 16:45:55,static\bilibili_video_covers\83_中国蛔虫根除：人人感染到几乎绝迹，喉咙的虫子怎么灭？.jpg
AI 西游记·狮驼岭（下）,增文居士,891130,3613,37892,14683,10648,2026-06-14 18:33:19,static\bilibili_video_covers\84_AI 西游记·狮驼岭（下）.jpg
“这一刻 像极了打了胜仗的战士”,爱上早8-恋爱版,2195236,5455,229096,20620,26582,2026-06-04 16:09:22,static\bilibili_video_covers\85_“这一刻 像极了打了胜仗的战士”.jpg
雷霆嘉豪旋转蹦迪！神人老头公路平移！,闪球,397987,1766,44245,2760,29796,2026-06-14 19:56:51,static\bilibili_video_covers\86_雷霆嘉豪旋转蹦迪！神人老头公路平移！.jpg
家人们，取外卖碰上黑皮子讨封了怎么办？,觅馋,498109,1792,80250,4029,25108,2026-06-15 15:43:28,static\bilibili_video_covers\87_家人们，取外卖碰上黑皮子讨封了怎么办？.jpg
成见 大山,脱缰凯Kk,784349,1885,63848,2675,7657,2026-06-15 21:12:57,static\bilibili_video_covers\88_成见 大山.jpg
“教育界的巴掌战神”,567混剪,1569529,254,137462,701,18169,2026-06-13 15:21:43,static\bilibili_video_covers\89_“教育界的巴掌战神”.jpg
《执念尸》第一季合集,老宫特西范,1347249,5556,73584,18757,44176,2026-06-12 13:05:05,static\bilibili_video_covers\90_《执念尸》第一季合集.jpg
真想如梦般美好,房飞逢-从头开始,905131,1644,70859,8131,2227,2026-06-15 15:59:53,static\bilibili_video_covers\91_真想如梦般美好.jpg
越喜欢跑得越远！我也来挑战一下,作家沈石溪,1261694,1266,164047,1887,14456,2026-06-13 20:41:46,static\bilibili_video_covers\92_越喜欢跑得越远！我也来挑战一下.jpg
听砖家说每天只睡四个小时对生活没有影响,仙女山森林之眼,3170871,204,176265,1075,8404,2026-06-13 16:02:14,static\bilibili_video_covers\93_听砖家说每天只睡四个小时对生活没有影响.jpg
采访一位炒饭少年,有亿思2025,1395654,873,80473,1539,10005,2026-06-15 10:09:48,static\bilibili_video_covers\94_采访一位炒饭少年.jpg
国王大人，公主提着巨剑来找你叙旧了！,Mr-Ferret,1768158,721,139274,2221,18032,2026-06-13 16:13:17,static\bilibili_video_covers\95_国王大人，公主提着巨剑来找你叙旧了！.jpg
炎炎夏天怎么能少的了清凉爽口的开胃冷面呢！,留意炫饭吖,1121255,301,75331,1211,12387,2026-06-15 17:49:55,static\bilibili_video_covers\96_炎炎夏天怎么能少的了清凉爽口的开胃冷面呢！.jpg
躲在超市后门冲刺的两人♿,咕gugugugu,843502,1112,46234,5088,14786,2026-06-15 10:04:30,static\bilibili_video_covers\97_躲在超市后门冲刺的两人♿.jpg
选择一个人救他,ai造物神,690928,1444,64341,545,6552,2026-06-15 18:52:35,static\bilibili_video_covers\98_选择一个人救他.jpg
志愿填的好比高考还重要！,碎嘴企鹅,584617,727,44437,1119,17000,2026-06-15 17:00:00,static\bilibili_video_covers\99_志愿填的好比高考还重要！.jpg
【律动矿脉】还是音游大手子！！！,星蓝想睡觉,990138,164,51488,1039,9789,2026-06-14 02:39:01,static\bilibili_video_covers\100_【律动矿脉】还是音游大手子！！！.jpg
